{
  "TP. Hà Nội": [
    "Phường Hoàn Kiếm",
    "Phường Cửa Nam",
    "Phường Ba Đình",
    "Phường Ngọc Hà",
    "Phường Giảng Võ",
    "Phường Hai Bà Trưng",
    "Phường Vĩnh Tuy",
    "Phường Bạch Mai",
    "Phường Đống Đa",
    "Phường Kim Liên",
    "Phường Văn Miếu - Quốc Tử Giám",
    "Phường Láng",
    "Phường Ô Chợ Dừa",
    "Phường Hồng Hà",
    "Phường Lĩnh Nam",
    "Xã Phú Hồng (Ba Vì)",
    "Xã Hồng Phú (Chương Mỹ)",
    "Xã Hòa Phú (Chương Mỹ)",
    "Xã Mỹ Xuyên (Mỹ Đức)",
    "Xã Vạn Tín (Mỹ Đức)",
    "Xã Yên Phong (Yên Phong)"
  ],
  "TP. Huế": [
    "Phường Thuận Lộc",
    "Phường Tây Lộc",
    "Phường Thuận Hòa",
    "Phường Thuận Thành",
    "Phường Phú Hòa",
    "Phường Tây Xuân",
    "Phường An Lễ",
    "Phường Thủy Biểu",
    "Phường Lương Quán",
    "Xã Phú Thượng (Phú Vang)",
    "Xã Thuận An (Phú Vang)",
    "Xã Thủy Thanh (Hương Thủy)",
    "Xã Thủy Bằng (Hương Thủy)",
    "Xã Hương Thọ (Hương Trà)"
  ],
  "TP. Hải Phòng": [
    "Phường Hùng Vương (Hồng Bàng)",
    "Phường Trại Chuối (Hồng Bàng)",
    "Phường Quang Trung (Hồng Bàng)",
    "Phường An Biên (Lê Chân)",
    "Phường Cát Dài (Lê Chân)",
    "Phường Lạch Tray (Ngô Quyền)",
    "Phường Đông Khê (Ngô Quyền)",
    "Xã An Hồng (An Dương)",
    "Phường Tân Phong (Hải Dương mới)",
    "Xã Cẩm La (Thủy Nguyên)"
  ],
  "TP. Đà Nẵng": [
    "Phường Thanh Bình (Hải Châu)",
    "Phường Thuận Phước (Hải Châu)",
    "Phường Thọ Quang (Sơn Trà)",
    "Phường Hòa Hiệp Bắc (Liên Chiểu)",
    "Phường Hòa Phát (Cẩm Lệ)",
    "Xã Hòa Bắc (Hòa Vang)",
    "Xã Hòa Tiến (Hòa Vang)",
    "Đặc khu Hoàng Sa"
  ],
  "TP. Hồ Chí Minh": [
    "Phường Bến Nghé",
    "Phường Bến Thành",
    "Phường Phạm Ngũ Lão",
    "Phường Lương Định Của",
    "Phường An Khánh",
    "Phường Linh Xuân",
    "Phường Tăng Nhơn Phú B",
    "Xã Vĩnh Lộc A",
    "Xã Vĩnh Lộc B",
    "Phường An Thới (TP. Thủ Dầu Một mới)",
    "Xã Phước Thiền (Nhơn Trạch mới)",
    "Phường Phước Trung (TP. Bà Rịa mới)"
  ],
  "TP. Cần Thơ": [
    "Phường Thới An Đông (Bình Thủy)",
    "Phường Bình Thủy (Bình Thủy)",
    "Phường An Thới (Bình Thủy)",
    "Phường Ninh Kiều (Ninh Kiều)",
    "Phường Cái Khế (Ninh Kiều)",
    "Xã Mỹ Khánh (Phong Điền)",
    "Xã Đông Hiệp (Cờ Đỏ)",
    "Xã Trung Hưng (Cờ Đỏ)",
    "Phường Trung Nhứt (Thốt Nốt)",
    "Xã Tân Long (Sóc Trăng mới)"
  ],
  "An Giang": [
    "Long Xuyên",
    "Châu Đốc",
    "Chợ Mới",
    "Kiên Lương (mới)",
    "Phú Quốc (mới)",
    "Hà Tiên (mới)",
    "Tịnh Biên",
    "Tri Tôn"
  ],
  "Bắc Ninh": [
    "TP. Bắc Ninh",
    "Từ Sơn",
    "Yên Phong (sáp nhập)",
    "TP. Bắc Giang (mới)",
    "Việt Yên (mới)",
    "Lục Ngạn (sáp nhập)",
    "Phường Võ Cường (sáp nhập)",
    "Phường Vũ Ninh (sáp nhập)"
  ],
  "Cà Mau": [
    "TP. Cà Mau",
    "Thới Bình",
    "Cái Nước",
    "TP. Bạc Liêu (mới)",
    "Huyện Giá Rai (mới)",
    "Đầm Dơi",
    "Ngọc Hiển",
    "U Minh"
  ],
  "Cao Bằng": [
    "TP. Cao Bằng",
    "Hòa An",
    "Nguyên Bình",
    "Thạch An",
    "Hạ Lang",
    "Trùng Khánh",
    "Quảng Hòa"
  ],
  "Đắk Lắk": [
    "Buôn Ma Thuột",
    "Buôn Hồ",
    "Cư M'gar",
    "TP. Tuy Hòa (mới)",
    "TX. Sông Cầu (mới)",
    "Ea Kar",
    "Krông Pắc",
    "Krông Năng"
  ],
  "Điện Biên": [
    "Điện Biên Phủ",
    "Mường Lay",
    "Mường Ảng",
    "Điện Biên",
    "Tuần Giáo",
    "Tủa Chùa",
    "Mường Nhé"
  ],
  "Đồng Nai": [
    "Biên Hòa",
    "Long Khánh",
    "Nhơn Trạch",
    "TP. Đồng Xoài (mới)",
    "TX. Phước Long (mới)",
    "Trảng Bom",
    "Long Thành",
    "Vĩnh Cửu"
  ],
  "Đồng Tháp": [
    "Cao Lãnh",
    "Sa Đéc",
    "Hồng Ngự",
    "TP. Mỹ Tho (mới)",
    "TX. Gò Công (mới)",
    "Tháp Mười",
    "Châu Thành",
    "Lai Vung"
  ],
  "Gia Lai": [
    "Pleiku",
    "An Khê",
    "Ayun Pa",
    "TP. Quy Nhơn (mới)",
    "TX. An Nhơn (mới)",
    "Chư Păh",
    "Đăk Đoa",
    "Ia Grai"
  ],
  "Hà Tĩnh": [
    "TP. Hà Tĩnh",
    "Kỳ Anh",
    "Hồng Lĩnh",
    "Can Lộc",
    "Cẩm Xuyên",
    "Thạch Hà",
    "Đức Thọ"
  ],
  "Hưng Yên": [
    "TP. Hưng Yên",
    "Mỹ Hào",
    "Văn Giang",
    "TP. Thái Bình (mới)",
    "Huyện Đông Hưng (mới)",
    "Văn Lâm",
    "Ân Thi",
    "Khoái Châu"
  ],
  "Khánh Hòa": [
    "Nha Trang",
    "Ninh Hòa",
    "Cam Ranh",
    "TP. Phan Rang (mới)",
    "Huyện Ninh Hải (mới)",
    "Vạn Ninh",
    "Diên Khánh",
    "Trường Sa"
  ],
  "Lai Châu": [
    "TP. Lai Châu",
    "Tam Đường",
    "Phong Thổ",
    "Sìn Hồ",
    "Nậm Nhùn",
    "Mường Tè",
    "Than Uyên"
  ],
  "Lâm Đồng": [
    "Đà Lạt",
    "Bảo Lộc",
    "Đức Trọng",
    "TP. Gia Nghĩa (mới)",
    "TP. Phan Thiết (mới)",
    "Đơn Dương",
    "Lâm Hà",
    "Di Linh"
  ],
  "Lạng Sơn": [
    "TP. Lạng Sơn",
    "Cao Lộc",
    "Chi Lăng",
    "Đình Lập",
    "Hữu Lũng",
    "Lộc Bình",
    "Văn Lãng"
  ],
  "Lào Cai": [
    "TP. Lào Cai",
    "Bảo Thắng",
    "Sa Pa",
    "TP. Yên Bái (mới)",
    "TX. Nghĩa Lộ (mới)",
    "Bắc Hà",
    "Mường Khương",
    "Văn Bàn"
  ],
  "Nghệ An": [
    "Vinh",
    "Cửa Lò",
    "Quỳnh Lưu",
    "Hoàng Mai",
    "Diễn Châu",
    "Yên Thành",
    "Đô Lương",
    "Thanh Chương"
  ],
  "Ninh Bình": [
    "TP. Ninh Bình",
    "Tam Điệp",
    "Gia Viễn",
    "TP. Phủ Lý (mới)",
    "TP. Nam Định (mới)",
    "Hoa Lư",
    "Yên Khánh",
    "Kim Sơn"
  ],
  "Phú Thọ": [
    "Việt Trì",
    "Phú Thọ",
    "Lâm Thao",
    "TP. Vĩnh Yên (mới)",
    "TP. Hòa Bình (mới)",
    "Phù Ninh",
    "Tam Nông",
    "Thanh Thủy"
  ],
  "Quảng Ngãi": [
    "TP. Quảng Ngãi",
    "Đức Phổ",
    "Sơn Tịnh",
    "TP. Kon Tum (mới)",
    "Huyện Đắk Hà (mới)",
    "Tư Nghĩa",
    "Mộ Đức",
    "Nghĩa Hành"
  ],
  "Quảng Ninh": [
    "Hạ Long",
    "Cẩm Phả",
    "Uông Bí",
    "Móng Cái",
    "Đông Triều",
    "Quảng Yên",
    "Tiên Yên",
    "Đầm Hà"
  ],
  "Quảng Trị": [
    "Đông Hà",
    "Quảng Trị",
    "Triệu Phong",
    "TP. Đồng Hới (mới)",
    "TX. Ba Đồn (mới)",
    "Hải Lăng",
    "Gio Linh",
    "Vĩnh Linh"
  ],
  "Sơn La": [
    "TP. Sơn La",
    "Mộc Châu",
    "Mai Sơn",
    "Thuận Châu",
    "Phù Yên",
    "Bắc Yên",
    "Sông Mã"
  ],
  "Tây Ninh": [
    "TP. Tây Ninh",
    "Hòa Thành",
    "Gò Dầu",
    "TP. Tân An (mới)",
    "TX. Kiến Tường (mới)",
    "Trảng Bàng",
    "Bến Cầu",
    "Châu Thành"
  ],
  "Thái Nguyên": [
    "TP. Thái Nguyên",
    "Sông Công",
    "Phổ Yên",
    "TP. Bắc Kạn (mới)",
    "Huyện Chợ Mới (mới)",
    "Đồng Hỷ",
    "Phú Lương",
    "Đại Từ"
  ],
  "Thanh Hóa": [
    "Phường Thọ Xuân (Thọ Xuân)",
    "Xã Thọ Long (Thọ Xuân)",
    "Xã Xuân Hòa (Thọ Xuân)",
    "Phường Vĩnh Lộc (Vĩnh Lộc)",
    "Phường Ngọc Sơn (Nghi Sơn)",
    "Phường Hải An (Nghi Sơn)",
    "TP. Thanh Hóa",
    "Sầm Sơn",
    "Bỉm Sơn",
    "Nghi Sơn",
    "Đông Sơn"
  ],
  "Tuyên Quang": [
    "TP. Tuyên Quang",
    "Sơn Dương",
    "Yên Sơn",
    "TP. Hà Giang (mới)",
    "Huyện Đồng Văn (mới)",
    "Chiêm Hóa",
    "Hàm Yên",
    "Lâm Bình"
  ],
  "Vĩnh Long": [
    "TP. Vĩnh Long",
    "Bình Minh",
    "Long Hồ",
    "TP. Bến Tre (mới)",
    "TP. Trà Vinh (mới)",
    "Mang Thít",
    "Vũng Liêm",
    "Tam Bình"
  ]
}